{
  "Burnet": {
    "x": 508.0113513513514,
    "y": 409.43999999999994
  },
  "Calhoun": {
    "x": 613.6547692307693,
    "y": 574.2439999999999
  },
  "Moore": {
    "x": 290.2557142857143,
    "y": 51.57857142857143
  },
  "Grimes": {
    "x": 643.718787878788,
    "y": 422.8569696969696
  },
  "Bosque": {
    "x": 553.7444117647058,
    "y": 322.8067647058823
  },
  "Walker": {
    "x": 675.4914285714286,
    "y": 400.91476190476186
  },
  "San Jacinto": {
    "x": 702.1945000000001,
    "y": 412.79974999999996
  },
  "Angelina": {
    "x": 731.3462222222223,
    "y": 365.58911111111115
  },
  "Terrell": {
    "x": 285.44399999999996,
    "y": 448.2702222222221
  },
  "Sherman": {
    "x": 289.884,
    "y": 14.922
  },
  "Cottle": {
    "x": 386.80818181818177,
    "y": 167.38363636363638
  },
  "Wharton": {
    "x": 645.6087096774194,
    "y": 503.07258064516134
  },
  "Webb": {
    "x": 426.54081967213114,
    "y": 626.7422950819673
  },
  "Hopkins": {
    "x": 666.191,
    "y": 228.38300000000004
  },
  "Red River": {
    "x": 697.0647619047619,
    "y": 199.11571428571426
  },
  "Presidio": {
    "x": 130.32516666666666,
    "y": 467.49750000000006
  },
  "Yoakum": {
    "x": 232.1071428571429,
    "y": 235.1142857142857
  },
  "Hamilton": {
    "x": 514.99,
    "y": 340.09875
  },
  "Reeves": {
    "x": 185.98208333333332,
    "y": 349.0895833333332
  },
  "Howard": {
    "x": 315.7583333333333,
    "y": 300.96166666666664
  },
  "Kimble": {
    "x": 421.9266666666666,
    "y": 427.7133333333333
  },
  "Austin": {
    "x": 637.2127272727272,
    "y": 470.9972727272727
  },
  "Haskell": {
    "x": 415.6114285714286,
    "y": 238.52714285714282
  },
  "Reagan": {
    "x": 310.64375,
    "y": 364.1375
  },
  "Loving": {
    "x": 175.00130434782605,
    "y": 330.8669565217391
  },
  "Henderson": {
    "x": 646.5541666666664,
    "y": 303.4349999999999
  },
  "Midland": {
    "x": 275.85999999999996,
    "y": 326.31333333333333
  },
  "Brewster": {
    "x": 214.21323529411762,
    "y": 501.60735294117643
  },
  "Brazoria": {
    "x": 681.3755555555558,
    "y": 515.0088888888889
  },
  "Val Verde": {
    "x": 327.1885714285715,
    "y": 490.40017857142857
  },
  "Dickens": {
    "x": 355.98,
    "y": 208.1916666666667
  },
  "Leon": {
    "x": 647.9489130434783,
    "y": 368.1273913043478
  },
  "Bowie": {
    "x": 735.571851851852,
    "y": 208.72537037037037
  },
  "Baylor": {
    "x": 444.3883333333333,
    "y": 203.98499999999999
  },
  "Hudspeth": {
    "x": 70.5028846153846,
    "y": 379.2855769230769
  },
  "Ellis": {
    "x": 602.9487499999999,
    "y": 292.554375
  },
  "Bee": {
    "x": 548.79,
    "y": 569.448846153846
  },
  "Harrison": {
    "x": 741.1972727272725,
    "y": 272.67030303030305
  },
  "Crane": {
    "x": 249.3709090909091,
    "y": 372.6136363636364
  },
  "Victoria": {
    "x": 593.2635555555554,
    "y": 551.4133333333333
  },
  "Hardin": {
    "x": 756.345172413793,
    "y": 436.4034482758621
  },
  "Sutton": {
    "x": 364.5357142857143,
    "y": 427.4557142857143
  },
  "Jackson": {
    "x": 613.0020000000001,
    "y": 541.0408000000001
  },
  "King": {
    "x": 387.08166666666665,
    "y": 203.00833333333335
  },
  "McMullen": {
    "x": 492.23555555555555,
    "y": 577.911111111111
  },
  "Bell": {
    "x": 551.033076923077,
    "y": 390.00076923076927
  },
  "Nolan": {
    "x": 380.56875,
    "y": 302.4075
  },
  "Dimmit": {
    "x": 420.3181818181818,
    "y": 571.0745454545454
  },
  "Crosby": {
    "x": 322.2683333333333,
    "y": 208.12833333333333
  },
  "Collingsworth": {
    "x": 382.68833333333333,
    "y": 112.30333333333333
  },
  "Comal": {
    "x": 504.2830434782609,
    "y": 482.12913043478267
  },
  "Lee": {
    "x": 595.2760869565216,
    "y": 439.8282608695652
  },
  "Anderson": {
    "x": 665.716923076923,
    "y": 334.3401923076923
  },
  "Archer": {
    "x": 482.4025,
    "y": 208.83124999999998
  },
  "Cameron": {
    "x": 571.8078461538461,
    "y": 739.492153846154
  },
  "Swisher": {
    "x": 300.6528571428571,
    "y": 140.51857142857142
  },
  "Culberson": {
    "x": 117.08571428571429,
    "y": 353.43071428571426
  },
  "El Paso": {
    "x": 19.11911764705882,
    "y": 335.2497058823529
  },
  "Hansford": {
    "x": 324.06,
    "y": 18.493333333333336
  },
  "Rains": {
    "x": 653.6066666666668,
    "y": 257.80055555555555
  },
  "Burleson": {
    "x": 616.36225,
    "y": 427.29625000000004
  },
  "Sterling": {
    "x": 338.4144444444444,
    "y": 338.0055555555556
  },
  "Camp": {
    "x": 705.0846666666665,
    "y": 245.12466666666666
  },
  "Guadalupe": {
    "x": 524.58,
    "y": 492.6174074074075
  },
  "Williamson": {
    "x": 546.3890000000002,
    "y": 423.8243333333333
  },
  "Cherokee": {
    "x": 696.0259259259258,
    "y": 334.49888888888887
  },
  "Winkler": {
    "x": 219.702,
    "y": 327.58299999999997
  },
  "Coke": {
    "x": 369.21000000000004,
    "y": 327.405
  },
  "Bexar": {
    "x": 502.3294117647059,
    "y": 492.49088235294124
  },
  "Childress": {
    "x": 389.3311111111111,
    "y": 142.56777777777776
  },
  "Freestone": {
    "x": 645.7439130434782,
    "y": 331.68782608695653
  },
  "Kenedy": {
    "x": 560.8525454545454,
    "y": 674.0238181818181
  },
  "Colorado": {
    "x": 621.5475862068968,
    "y": 485.93931034482756
  },
  "Hartley": {
    "x": 248.47285714285718,
    "y": 46.367142857142866
  },
  "Foard": {
    "x": 419.39000000000004,
    "y": 183.85230769230765
  },
  "Roberts": {
    "x": 353.52000000000004,
    "y": 50.599999999999994
  },
  "Galveston": {
    "x": 724.1007042253518,
    "y": 500.9347887323943
  },
  "Robertson": {
    "x": 615.7822500000001,
    "y": 389.01075000000003
  },
  "Jefferson": {
    "x": 767.33825,
    "y": 458.1692499999999
  },
  "Tyler": {
    "x": 754.4025000000001,
    "y": 394.37937500000004
  },
  "Hidalgo": {
    "x": 521.3545,
    "y": 729.15175
  },
  "Schleicher": {
    "x": 367.6225,
    "y": 397.94624999999996
  },
  "Taylor": {
    "x": 409.58199999999994,
    "y": 299.209
  },
  "Polk": {
    "x": 716.167142857143,
    "y": 403.1000000000001
  },
  "Marion": {
    "x": 743.8018181818182,
    "y": 259.64818181818185
  },
  "Hockley": {
    "x": 259.3016666666667,
    "y": 207.745
  },
  "Lamar": {
    "x": 663.7230555555554,
    "y": 196.90694444444443
  },
  "Gillespie": {
    "x": 466.04999999999995,
    "y": 441.25222222222214
  },
  "Rusk": {
    "x": 727.1418518518518,
    "y": 302.77222222222224
  },
  "Donley": {
    "x": 348.76750000000004,
    "y": 109.7125
  },
  "Navarro": {
    "x": 628.2964,
    "y": 308.73800000000006
  },
  "Chambers": {
    "x": 729.7042857142859,
    "y": 477.844761904762
  },
  "Refugio": {
    "x": 586.8252173913045,
    "y": 581.5308695652177
  },
  "Madison": {
    "x": 653.953103448276,
    "y": 391.2189655172413
  },
  "Travis": {
    "x": 539.8580645161289,
    "y": 431.1264516129033
  },
  "Mitchell": {
    "x": 345.0588888888889,
    "y": 295.9944444444444
  },
  "Titus": {
    "x": 702.7057894736841,
    "y": 226.9326315789474
  },
  "Upshur": {
    "x": 707.3522222222223,
    "y": 266.3705555555556
  },
  "Goliad": {
    "x": 565.6223529411766,
    "y": 557.5061764705881
  },
  "San Augustine": {
    "x": 756.7193939393939,
    "y": 359.4581818181818
  },
  "Lubbock": {
    "x": 291.494,
    "y": 205
  },
  "San Patricio": {
    "x": 560.4048076923077,
    "y": 606.831730769231
  },
  "Houston": {
    "x": 679.3954761904761,
    "y": 363.982380952381
  },
  "Sabine": {
    "x": 778.2903125000001,
    "y": 356.636875
  },
  "Nacogdoches": {
    "x": 730.8389090909092,
    "y": 345.71036363636364
  },
  "Cass": {
    "x": 739.5780952380952,
    "y": 225.70285714285714
  },
  "Briscoe": {
    "x": 331.7114285714286,
    "y": 140.83857142857144
  },
  "Harris": {
    "x": 693.8901694915256,
    "y": 467.3269491525424
  },
  "Morris": {
    "x": 716.7482352941179,
    "y": 232.65941176470588
  },
  "Pecos": {
    "x": 256.70866666666666,